mean_fit_time,std_fit_time,mean_score_time,std_score_time,param_classifier__max_depth,param_classifier__min_samples_leaf,param_classifier__min_samples_split,param_classifier__n_estimators,param_feature_selector__k,params,split0_test_score,split1_test_score,split2_test_score,split3_test_score,split4_test_score,mean_test_score,std_test_score,rank_test_score
35.80917625427246,1.6197821797202685,0.6109819412231445,0.018625883452336945,,1,2,100,all,"{'classifier__max_depth': None, 'classifier__min_samples_leaf': 1, 'classifier__min_samples_split': 2, 'classifier__n_estimators': 100, 'feature_selector__k': 'all'}",0.9904066151167142,0.9898766192954118,0.9889271519041708,0.9908274882623045,0.9892432072135495,0.9898562163584301,0.0007050766137221306,61
23.316324853897093,2.826460411591527,0.4937708854675293,0.2332520321933861,,1,2,100,15,"{'classifier__max_depth': None, 'classifier__min_samples_leaf': 1, 'classifier__min_samples_split': 2, 'classifier__n_estimators': 100, 'feature_selector__k': 15}",0.7542438209034596,0.7609808947218463,0.7675046287035886,0.7592598599345384,0.7531190564432535,0.7590216521413373,0.005167679810328865,143
24.599501132965088,2.3028202375975266,0.6809891700744629,0.12624724320867503,,1,2,100,20,"{'classifier__max_depth': None, 'classifier__min_samples_leaf': 1, 'classifier__min_samples_split': 2, 'classifier__n_estimators': 100, 'feature_selector__k': 20}",0.8046384745731151,0.8412121907448353,0.8393033448202468,0.8420342148643506,0.8041515271468184,0.8262679504298733,0.017881819395101393,138
45.72315731048584,9.7755658498666,0.627001953125,0.18370492511987,,1,2,100,25,"{'classifier__max_depth': None, 'classifier__min_samples_leaf': 1, 'classifier__min_samples_split': 2, 'classifier__n_estimators': 100, 'feature_selector__k': 25}",0.9154421400538486,0.891819783800949,0.9088992845757199,0.8916954440181653,0.8960164016387222,0.900774610817481,0.009658234712742783,136
90.8826253414154,5.931383486430377,1.0865222454071044,0.22420264308699786,,1,2,200,all,"{'classifier__max_depth': None, 'classifier__min_samples_leaf': 1, 'classifier__min_samples_split': 2, 'classifier__n_estimators': 200, 'feature_selector__k': 'all'}",1.0,0.9997890628644721,0.9998944813759629,1.0,0.9997891629770188,0.9998945414434907,9.43115790535888e-05,21
60.93983869552612,3.2496519349361885,0.8559706211090088,0.004022098246102262,,1,2,200,15,"{'classifier__max_depth': None, 'classifier__min_samples_leaf': 1, 'classifier__min_samples_split': 2, 'classifier__n_estimators': 200, 'feature_selector__k': 15}",0.9128154871706773,0.9163887041812406,0.9138564574294422,0.9110002464770895,0.907300487207719,0.9122722764932337,0.0030359984535850886,131
56.469912433624266,3.4575483484988214,1.0243891716003417,0.1714605536802621,,1,2,200,20,"{'classifier__max_depth': None, 'classifier__min_samples_leaf': 1, 'classifier__min_samples_split': 2, 'classifier__n_estimators': 200, 'feature_selector__k': 20}",0.9502418619011492,0.9285152368292433,0.9507565405028333,0.95254905564836,0.9319710218227331,0.9428067433408638,0.010344592125443362,119
61.80255551338196,3.143602927894327,1.2222164154052735,0.15731003492975623,,1,2,200,25,"{'classifier__max_depth': None, 'classifier__min_samples_leaf': 1, 'classifier__min_samples_split': 2, 'classifier__n_estimators': 200, 'feature_selector__k': 25}",0.9709039902658569,0.9877695505287044,0.9906152496636719,0.9925144847837939,0.9907168638983944,0.9865040278280842,0.007946552022126895,67
121.75761485099792,6.703512674507652,2.033540678024292,0.44133829035723204,,1,2,300,all,"{'classifier__max_depth': None, 'classifier__min_samples_leaf': 1, 'classifier__min_samples_split': 2, 'classifier__n_estimators': 300, 'feature_selector__k': 'all'}",1.0,0.9998945814885095,1.0,1.0,0.9998945814885095,0.9999578325954038,5.1644312519082657e-05,1
76.47139601707458,1.7845101417702227,1.7308716773986816,0.470436020300698,,1,2,300,15,"{'classifier__max_depth': None, 'classifier__min_samples_leaf': 1, 'classifier__min_samples_split': 2, 'classifier__n_estimators': 300, 'feature_selector__k': 15}",0.9464450935741962,0.9521311858791653,0.9361075721325915,0.9642557162762377,0.9572844792115297,0.9512448094147441,0.009578310879644098,114
84.62543716430665,5.363115399222549,1.6980502128601074,0.23522385833352125,,1,2,300,20,"{'classifier__max_depth': None, 'classifier__min_samples_leaf': 1, 'classifier__min_samples_split': 2, 'classifier__n_estimators': 300, 'feature_selector__k': 20}",0.9571997839971697,0.9624655037192813,0.9736374632361701,0.9744839148170372,0.9609741271137011,0.9657521585766717,0.007002805043339796,102
93.13641443252564,5.385467322542482,1.8290297031402587,0.4248171252783242,,1,2,300,25,"{'classifier__max_depth': None, 'classifier__min_samples_leaf': 1, 'classifier__min_samples_split': 2, 'classifier__n_estimators': 300, 'feature_selector__k': 25}",0.9931476966405633,0.9824939196644868,0.9967302241179534,0.9986292590129824,0.9975747735604367,0.9937151745992845,0.0059054863798209895,56
62.39274964332581,2.5499993233302525,0.5760889530181885,0.03742670688795353,,1,5,100,all,"{'classifier__max_depth': None, 'classifier__min_samples_leaf': 1, 'classifier__min_samples_split': 5, 'classifier__n_estimators': 100, 'feature_selector__k': 'all'}",0.9904066151167142,0.9898766192954118,0.9889271519041708,0.9908274882623045,0.9892432072135495,0.9898562163584301,0.0007050766137221306,61
47.30851120948792,2.427611719813595,0.5206743717193604,0.10897352232225509,,1,5,100,15,"{'classifier__max_depth': None, 'classifier__min_samples_leaf': 1, 'classifier__min_samples_split': 5, 'classifier__n_estimators': 100, 'feature_selector__k': 15}",0.7536105089341437,0.7609808947218463,0.7675046287035886,0.7882552565594241,0.76165805598654,0.7664018689811086,0.011783855423007441,141
45.49501075744629,1.7447786823903129,0.6577420711517334,0.13528843187475378,,1,5,100,20,"{'classifier__max_depth': None, 'classifier__min_samples_leaf': 1, 'classifier__min_samples_split': 5, 'classifier__n_estimators': 100, 'feature_selector__k': 20}",0.834896190297132,0.8055832366746697,0.8461582511058934,0.8094546889613303,0.8041515271468184,0.8200487788371689,0.01718347712700475,139
49.043197107315066,3.9241421851739515,0.6306859016418457,0.09437123771443029,,1,5,100,25,"{'classifier__max_depth': None, 'classifier__min_samples_leaf': 1, 'classifier__min_samples_split': 5, 'classifier__n_estimators': 100, 'feature_selector__k': 25}",0.9154421400538486,0.891819783800949,0.9105886837983262,0.9110022487280199,0.8777765964497287,0.9013258905661745,0.014308284764785075,134
99.85254278182984,2.9056030612378483,1.3145902156829834,0.06289048312835573,,1,5,200,all,"{'classifier__max_depth': None, 'classifier__min_samples_leaf': 1, 'classifier__min_samples_split': 5, 'classifier__n_estimators': 200, 'feature_selector__k': 'all'}",1.0,0.9997890628644721,0.9998944813759629,1.0,0.9997891629770188,0.9998945414434907,9.43115790535888e-05,21
73.03934741020203,2.7085234994706893,1.3109625816345214,0.338059654624496,,1,5,200,15,"{'classifier__max_depth': None, 'classifier__min_samples_leaf': 1, 'classifier__min_samples_split': 5, 'classifier__n_estimators': 200, 'feature_selector__k': 15}",0.9128154871706773,0.9163887041812406,0.9138564574294422,0.9255547086034119,0.9064544360770379,0.915013958692362,0.006203802824946253,129
77.10763273239135,4.460715226090633,1.2964738368988038,0.26758193929519664,,1,5,200,20,"{'classifier__max_depth': None, 'classifier__min_samples_leaf': 1, 'classifier__min_samples_split': 5, 'classifier__n_estimators': 200, 'feature_selector__k': 20}",0.9343232662158799,0.9285152368292433,0.9507565405028333,0.9305103797689362,0.9319710218227331,0.9352152890279252,0.007998479135468318,128
79.45179882049561,4.012499893617947,1.2968057632446288,0.253697410113495,,1,5,200,25,"{'classifier__max_depth': None, 'classifier__min_samples_leaf': 1, 'classifier__min_samples_split': 5, 'classifier__n_estimators': 200, 'feature_selector__k': 25}",0.9907227705386396,0.9904049132034234,0.9771213798552333,0.9963101518727354,0.9918797712388268,0.9892877973417716,0.00643988512665237,66
139.20104236602782,3.616823710405379,2.1883707523345945,0.34272574665198285,,1,5,300,all,"{'classifier__max_depth': None, 'classifier__min_samples_leaf': 1, 'classifier__min_samples_split': 5, 'classifier__n_estimators': 300, 'feature_selector__k': 'all'}",1.0,0.9998945814885095,1.0,1.0,0.9998945814885095,0.9999578325954038,5.1644312519082657e-05,1
90.11271233558655,3.263632662381196,1.9534605026245118,0.37912322899297973,,1,5,300,15,"{'classifier__max_depth': None, 'classifier__min_samples_leaf': 1, 'classifier__min_samples_split': 5, 'classifier__n_estimators': 300, 'feature_selector__k': 15}",0.9399110480001619,0.9521311858791653,0.9520236650041978,0.9514944700832676,0.9516991001283643,0.9494518938190314,0.004775822565877325,116
95.81289615631104,3.5427749437233853,1.7111387252807617,0.022464063927162197,,1,5,300,20,"{'classifier__max_depth': None, 'classifier__min_samples_leaf': 1, 'classifier__min_samples_split': 5, 'classifier__n_estimators': 300, 'feature_selector__k': 20}",0.9589917985799635,0.9760628899008265,0.9736374632361701,0.9634102658208358,0.962874463471835,0.9669953762019261,0.0066367057758292365,98
100.00401296615601,3.5625164759669574,1.8763386726379394,0.10298871613792669,,1,5,300,25,"{'classifier__max_depth': None, 'classifier__min_samples_leaf': 1, 'classifier__min_samples_split': 5, 'classifier__n_estimators': 300, 'feature_selector__k': 25}",0.9994728073300004,0.9986292590129824,0.9982065838415548,0.9917759545280804,0.9928282375046026,0.9961825684434442,0.0032118028349140747,46
68.499267244339,4.695300758312395,0.7768208026885987,0.16698121448716294,,2,2,100,all,"{'classifier__max_depth': None, 'classifier__min_samples_leaf': 2, 'classifier__min_samples_split': 2, 'classifier__n_estimators': 100, 'feature_selector__k': 'all'}",0.9904066151167142,0.9898766192954118,0.9889271519041708,0.9908274882623045,0.9892432072135495,0.9898562163584301,0.0007050766137221306,61
51.167254114151,1.249355753940247,0.656710147857666,0.14158554885799718,,2,2,100,15,"{'classifier__max_depth': None, 'classifier__min_samples_leaf': 2, 'classifier__min_samples_split': 2, 'classifier__n_estimators': 100, 'feature_selector__k': 15}",0.741488181013095,0.7545469616943369,0.7675046287035886,0.744398652965664,0.7863374005056484,0.7588551649764665,0.016487874207858695,144
56.7251814365387,3.494507940829625,0.8016170024871826,0.20132968417537883,,2,2,100,20,"{'classifier__max_depth': None, 'classifier__min_samples_leaf': 2, 'classifier__min_samples_split': 2, 'classifier__n_estimators': 100, 'feature_selector__k': 20}",0.8046384745731151,0.8055832366746697,0.8092596697207,0.8109336516111413,0.8464571871698163,0.8153744439498884,0.0157122678497479,140
60.64046831130982,3.9991286201146363,0.8460359573364258,0.17507057382958388,,2,2,100,25,"{'classifier__max_depth': None, 'classifier__min_samples_leaf': 2, 'classifier__min_samples_split': 2, 'classifier__n_estimators': 100, 'feature_selector__k': 25}",0.8986802963892008,0.8817057135631877,0.9088992845757199,0.9137453325027997,0.9015082756034334,0.9009077805268684,0.010979148721970778,135
884.8285422801971,2.2232907205483503,1.0344504833221435,0.23622539793969546,,2,2,200,all,"{'classifier__max_depth': None, 'classifier__min_samples_leaf': 2, 'classifier__min_samples_split': 2, 'classifier__n_estimators': 200, 'feature_selector__k': 'all'}",1.0,0.9997890628644721,0.9998944813759629,1.0,0.9997891629770188,0.9998945414434907,9.43115790535888e-05,21
852.0746261119842,6.97530366012072,0.6967562198638916,0.2199422753864809,,2,2,200,15,"{'classifier__max_depth': None, 'classifier__min_samples_leaf': 2, 'classifier__min_samples_split': 2, 'classifier__n_estimators': 200, 'feature_selector__k': 15}",0.9057548496019225,0.9163887041812406,0.9138564574294422,0.9110002464770895,0.9223776369394473,0.9138755789258284,0.00552838016223326,130
844.5439822196961,2.829931010487463,1.1284951210021972,0.22820094696652746,,2,2,200,20,"{'classifier__max_depth': None, 'classifier__min_samples_leaf': 2, 'classifier__min_samples_split': 2, 'classifier__n_estimators': 200, 'feature_selector__k': 20}",0.9343232662158799,0.9550828040883563,0.954869864701898,0.9336740363516667,0.9319710218227331,0.9419841986361067,0.010636035421055021,121
214.2958031177521,314.3696137608425,0.9830397605895996,0.2111197862252379,,2,2,200,25,"{'classifier__max_depth': None, 'classifier__min_samples_leaf': 2, 'classifier__min_samples_split': 2, 'classifier__n_estimators': 200, 'feature_selector__k': 25}",0.9762799339016923,0.9919870918887013,0.9811219773269109,0.9862951930560335,0.9733157015116394,0.9817999795369955,0.006736434770296059,68
108.8310881614685,2.5482753833636136,1.561956024169922,0.30752089189334514,,2,2,300,all,"{'classifier__max_depth': None, 'classifier__min_samples_leaf': 2, 'classifier__min_samples_split': 2, 'classifier__n_estimators': 300, 'feature_selector__k': 'all'}",1.0,0.9998945814885095,1.0,1.0,0.9998945814885095,0.9999578325954038,5.1644312519082657e-05,1
69.53282141685486,2.8068479455436752,1.743634080886841,0.3706563320058455,,2,2,300,15,"{'classifier__max_depth': None, 'classifier__min_samples_leaf': 2, 'classifier__min_samples_split': 2, 'classifier__n_estimators': 300, 'feature_selector__k': 15}",0.9464450935741962,0.9543452749581078,0.9520236650041978,0.9514944700832676,0.9516991001283643,0.9512015207496269,0.0025890583509865857,115
68.78556509017945,0.990463982685721,1.4586544990539552,0.2978782626976924,,2,2,300,20,"{'classifier__max_depth': None, 'classifier__min_samples_leaf': 2, 'classifier__min_samples_split': 2, 'classifier__n_estimators': 300, 'feature_selector__k': 20}",0.9571997839971697,0.9615172376785982,0.9736374632361701,0.9744839148170372,0.9711036146836273,0.9675884028825203,0.006946630539854312,96
76.40674934387206,4.101779558668596,1.5741395950317383,0.35660419641840085,,2,2,300,25,"{'classifier__max_depth': None, 'classifier__min_samples_leaf': 2, 'classifier__min_samples_split': 2, 'classifier__n_estimators': 300, 'feature_selector__k': 25}",0.9940962630188859,0.9986292590129824,0.9982065838415548,0.999156651908075,0.9988399959234171,0.997785750740983,0.0018703865520043423,36
50.66538925170899,3.028464360436217,0.5140910148620605,0.08180074648457893,,2,5,100,all,"{'classifier__max_depth': None, 'classifier__min_samples_leaf': 2, 'classifier__min_samples_split': 5, 'classifier__n_estimators': 100, 'feature_selector__k': 'all'}",0.9904066151167142,0.9898766192954118,0.9889271519041708,0.9908274882623045,0.9892432072135495,0.9898562163584301,0.0007050766137221306,61
37.94678158760071,2.7880282715611355,0.4339889049530029,0.04212435981484797,,2,5,100,15,"{'classifier__max_depth': None, 'classifier__min_samples_leaf': 2, 'classifier__min_samples_split': 5, 'classifier__n_estimators': 100, 'feature_selector__k': 15}",0.7542438209034596,0.7609808947218463,0.7695089819975617,0.7592598599345384,0.7531190564432535,0.7594225228001319,0.0058437022997846364,142
39.41912002563477,1.7542347265161062,0.5146169185638427,0.12579310262870153,,2,5,100,20,"{'classifier__max_depth': None, 'classifier__min_samples_leaf': 2, 'classifier__min_samples_split': 5, 'classifier__n_estimators': 100, 'feature_selector__k': 20}",0.8046384745731151,0.8412121907448353,0.8092596697207,0.8561647003561403,0.837491107503055,0.8297532285795691,0.019695102178210605,137
45.658655118942264,3.4422855477325642,0.6416660785675049,0.12056416075640092,,2,5,100,25,"{'classifier__max_depth': None, 'classifier__min_samples_leaf': 2, 'classifier__min_samples_split': 5, 'classifier__n_estimators': 100, 'feature_selector__k': 25}",0.9088007738299395,0.8916124507170962,0.9017307256818116,0.9137453325027997,0.9172109285258487,0.9066200422514991,0.00913044844069334,133
84.53875255584717,4.836556249122489,0.9606772899627686,0.026748221026830984,,2,5,200,all,"{'classifier__max_depth': None, 'classifier__min_samples_leaf': 2, 'classifier__min_samples_split': 5, 'classifier__n_estimators': 200, 'feature_selector__k': 'all'}",1.0,0.9997890628644721,0.9998944813759629,1.0,0.9997891629770188,0.9998945414434907,9.43115790535888e-05,21
59.2665301322937,2.1941741781863007,0.8887753486633301,0.04921795398153324,,2,5,200,15,"{'classifier__max_depth': None, 'classifier__min_samples_leaf': 2, 'classifier__min_samples_split': 5, 'classifier__n_estimators': 200, 'feature_selector__k': 15}",0.9128154871706773,0.9163887041812406,0.9138564574294422,0.9255547086034119,0.8803062402753175,0.9097843195320179,0.015408118048818562,132
64.11532340049743,5.483815769036529,0.9847056865692139,0.09132905457898129,,2,5,200,20,"{'classifier__max_depth': None, 'classifier__min_samples_leaf': 2, 'classifier__min_samples_split': 5, 'classifier__n_estimators': 200, 'feature_selector__k': 20}",0.9343232662158799,0.9271454969676911,0.9507565405028333,0.95254905564836,0.9319710218227331,0.9393490762314995,0.010324645250343208,125
70.53167095184327,5.2418454125269305,1.5867792606353759,0.24626495090174744,,2,5,200,25,"{'classifier__max_depth': None, 'classifier__min_samples_leaf': 2, 'classifier__min_samples_split': 5, 'classifier__n_estimators': 200, 'feature_selector__k': 25}",0.9920935115256572,0.9836577280178377,0.9932495111003791,0.9821831703200739,0.9953584820054705,0.9893084805938838,0.0053402563046733124,65
133.69010467529296,2.2153467544963727,1.9901861190795898,0.3078434665361764,,2,5,300,all,"{'classifier__max_depth': None, 'classifier__min_samples_leaf': 2, 'classifier__min_samples_split': 5, 'classifier__n_estimators': 300, 'feature_selector__k': 'all'}",1.0,0.9998945814885095,1.0,1.0,0.9998945814885095,0.9999578325954038,5.1644312519082657e-05,1
91.3502167224884,1.852711490120692,2.0441290855407717,0.4414533657208176,,2,5,300,15,"{'classifier__max_depth': None, 'classifier__min_samples_leaf': 2, 'classifier__min_samples_split': 5, 'classifier__n_estimators': 300, 'feature_selector__k': 15}",0.9464450935741962,0.9521311858791653,0.894124574847043,0.9514944700832676,0.9439991438375022,0.937638893644235,0.021970441109780012,126
99.37605638504029,4.220023573930654,1.9111337661743164,0.4246209843017359,,2,5,300,20,"{'classifier__max_depth': None, 'classifier__min_samples_leaf': 2, 'classifier__min_samples_split': 5, 'classifier__n_estimators': 300, 'feature_selector__k': 20}",0.9768076271344245,0.9760628899008265,0.9625696207676671,0.9771191773792096,0.9609741271137011,0.9707066884591657,0.007320723758097496,88
100.43828840255738,4.65848421645739,2.4686396598815916,0.5300412335148204,,2,5,300,25,"{'classifier__max_depth': None, 'classifier__min_samples_leaf': 2, 'classifier__min_samples_split': 5, 'classifier__n_estimators': 300, 'feature_selector__k': 25}",0.9978915296576412,0.9986292590129824,0.9985236402763987,0.9963103520978284,0.9982067840666478,0.9979123130222998,0.000841564794047285,34
103.04614686965942,3.5663381704515476,1.7228590965270996,0.05151510014505082,15,1,2,100,all,"{'classifier__max_depth': 15, 'classifier__min_samples_leaf': 1, 'classifier__min_samples_split': 2, 'classifier__n_estimators': 100, 'feature_selector__k': 'all'}",0.9998944813759629,0.9997891629770188,1.0,1.0,0.9998945814885095,0.9999156451682982,7.889335166662065e-05,9
81.95965647697449,4.411104939693709,2.4464768886566164,0.8342919854087731,15,1,2,100,15,"{'classifier__max_depth': 15, 'classifier__min_samples_leaf': 1, 'classifier__min_samples_split': 2, 'classifier__n_estimators': 100, 'feature_selector__k': 15}",0.9253611910509795,0.9464351824320902,0.9513915543854401,0.9620432289980396,0.955806717912277,0.9482075749557654,0.01252524374407486,118
88.13295230865478,2.5820496109761244,2.4653482913970945,0.6838206146497273,15,1,2,100,20,"{'classifier__max_depth': 15, 'classifier__min_samples_leaf': 1, 'classifier__min_samples_split': 2, 'classifier__n_estimators': 100, 'feature_selector__k': 20}",0.9731177790071599,0.9686816919580993,0.9725821768832521,0.969950218035115,0.9573890968226481,0.9683441925412548,0.005717604130711078,95
86.91843400001525,4.192604378882446,2.1584139347076414,0.5039361690565948,15,1,2,100,25,"{'classifier__max_depth': 15, 'classifier__min_samples_leaf': 1, 'classifier__min_samples_split': 2, 'classifier__n_estimators': 100, 'feature_selector__k': 25}",0.9945174365021158,0.9989453143223612,0.9982072846293804,0.9958885779393195,0.997784709570499,0.9970686645927351,0.0016267980505072866,42
3412.2872014522554,3.7654625512423596,1.8467371940612793,0.384257234497486,15,1,2,200,all,"{'classifier__max_depth': 15, 'classifier__min_samples_leaf': 1, 'classifier__min_samples_split': 2, 'classifier__n_estimators': 200, 'feature_selector__k': 'all'}",0.9997889627519257,0.9998945814885095,1.0,1.0,0.9998945814885095,0.9999156251457888,7.895221984063226e-05,13
3385.565774822235,5.713360559061797,2.7360374450683596,0.49253403694757963,15,1,2,200,15,"{'classifier__max_depth': 15, 'classifier__min_samples_leaf': 1, 'classifier__min_samples_split': 2, 'classifier__n_estimators': 200, 'feature_selector__k': 15}",0.9667916671922576,0.9725848799220083,0.9715305946945557,0.9726901983209524,0.9653023929501546,0.9697799466159858,0.0031106361174901473,91
3373.7897902965547,8.062868293703538,4.501532173156738,1.0289000563470039,15,1,2,200,20,"{'classifier__max_depth': 15, 'classifier__min_samples_leaf': 1, 'classifier__min_samples_split': 2, 'classifier__n_estimators': 200, 'feature_selector__k': 20}",0.9718529570943656,0.9793321652201404,0.9802802310357303,0.9762762297374709,0.9721561979977891,0.9759795562170993,0.0035062998900117557,76
798.2683773040771,1293.9127466373225,2.8895074367523192,0.9612120343475411,15,1,2,200,25,"{'classifier__max_depth': 15, 'classifier__min_samples_leaf': 1, 'classifier__min_samples_split': 2, 'classifier__n_estimators': 200, 'feature_selector__k': 25}",0.99188227405249,0.9990507328338517,0.9948300879849126,0.9912484615204412,0.9976790908339156,0.9949381294451222,0.003078634453782035,53
281.58695192337035,5.272277775952366,4.86192307472229,3.3721818716665783,15,1,2,300,all,"{'classifier__max_depth': 15, 'classifier__min_samples_leaf': 1, 'classifier__min_samples_split': 2, 'classifier__n_estimators': 300, 'feature_selector__k': 'all'}",0.9998944813759629,0.9998945814885095,1.0,1.0,0.9998945814885095,0.9999367288705964,5.166067376327001e-05,5
268.625234413147,15.491754077649858,12.722675037384032,11.253429177988327,15,1,2,300,15,"{'classifier__max_depth': 15, 'classifier__min_samples_leaf': 1, 'classifier__min_samples_split': 2, 'classifier__n_estimators': 300, 'feature_selector__k': 15}",0.9719573744803909,0.9761705108883407,0.9736400661623799,0.9742725772313234,0.9403185060645176,0.9672718069653905,0.013543909431293182,97
333.98020362854004,25.922465876090655,11.785580730438232,9.774107750765284,15,1,2,300,20,"{'classifier__max_depth': 15, 'classifier__min_samples_leaf': 1, 'classifier__min_samples_split': 2, 'classifier__n_estimators': 300, 'feature_selector__k': 20}",0.9723801497643652,0.9856590779354151,0.9769085405813214,0.9784902187038669,0.9732102830001489,0.9773296539970234,0.004740682643925871,74
340.80185971260073,8.817921058039774,5.861109256744385,2.129266180396126,15,1,2,300,25,"{'classifier__max_depth': 15, 'classifier__min_samples_leaf': 1, 'classifier__min_samples_split': 2, 'classifier__n_estimators': 300, 'feature_selector__k': 25}",0.9995782258414911,0.9974694551614925,0.9950411252329869,0.9943071000418671,0.9995781257289446,0.9971948064013564,0.0022096842208757434,39
274.7714055538178,7.926259678104886,5.100749778747558,3.4315391942464317,15,1,5,100,all,"{'classifier__max_depth': 15, 'classifier__min_samples_leaf': 1, 'classifier__min_samples_split': 5, 'classifier__n_estimators': 100, 'feature_selector__k': 'all'}",0.9998944813759629,0.9997891629770188,1.0,1.0,0.9998945814885095,0.9999156451682982,7.889335166662065e-05,9
177.40809235572814,27.312211282054594,4.528393411636353,3.500121925837383,15,1,5,100,15,"{'classifier__max_depth': 15, 'classifier__min_samples_leaf': 1, 'classifier__min_samples_split': 5, 'classifier__n_estimators': 100, 'feature_selector__k': 15}",0.947183924167549,0.927876318557322,0.9513915543854401,0.9620432289980396,0.923540844617519,0.9424071741451738,0.014534065041988562,120
127.89934706687927,26.216675009714464,1.9443642616271972,0.06633122166048452,15,1,5,100,20,"{'classifier__max_depth': 15, 'classifier__min_samples_leaf': 1, 'classifier__min_samples_split': 5, 'classifier__n_estimators': 100, 'feature_selector__k': 20}",0.9586756431580383,0.9722664219115129,0.963201030598599,0.9603542302256195,0.9579156888173684,0.9624826029422276,0.005217640650030638,106
106.65382194519043,8.527122306506344,2.3783145427703856,0.6508709656269794,15,1,5,100,25,"{'classifier__max_depth': 15, 'classifier__min_samples_leaf': 1, 'classifier__min_samples_split': 5, 'classifier__n_estimators': 100, 'feature_selector__k': 25}",0.9990510331714914,0.9951497473459663,0.9991561513453424,0.9953609848191337,0.989136687464047,0.9955709208291961,0.003649270584579795,51
177.09648270606993,22.56328471902485,8.313075590133668,4.358895408453708,15,1,5,200,all,"{'classifier__max_depth': 15, 'classifier__min_samples_leaf': 1, 'classifier__min_samples_split': 5, 'classifier__n_estimators': 200, 'feature_selector__k': 'all'}",0.9997889627519257,0.9998945814885095,1.0,1.0,0.9998945814885095,0.9999156251457888,7.895221984063226e-05,13
150.939616727829,13.539470425449942,16.530889987945557,6.92225259898271,15,1,5,200,15,"{'classifier__max_depth': 15, 'classifier__min_samples_leaf': 1, 'classifier__min_samples_split': 5, 'classifier__n_estimators': 200, 'feature_selector__k': 15}",0.9667916671922576,0.9706857449144329,0.9715305946945557,0.9729018362443058,0.9683616321468596,0.9700542950384822,0.002199842206471218,89
180.89633989334106,4.58761403918878,2.163293790817261,0.8223780485491821,15,1,5,200,20,"{'classifier__max_depth': 15, 'classifier__min_samples_leaf': 1, 'classifier__min_samples_split': 5, 'classifier__n_estimators': 200, 'feature_selector__k': 20}",0.9718529570943656,0.9729018362443058,0.9752214439472855,0.9802825336243005,0.9708899745093434,0.9742297490839201,0.003352200658507932,79
161.79327778816224,15.846544951624242,3.864041471481323,1.3147822308056785,15,1,5,200,25,"{'classifier__max_depth': 15, 'classifier__min_samples_leaf': 1, 'classifier__min_samples_split': 5, 'classifier__n_estimators': 200, 'feature_selector__k': 25}",0.9992617700819262,0.9981014656677036,0.9974675530231085,0.9935685697861535,0.997891129207455,0.9972580975532693,0.0019382047978427916,38
177.23592386245727,8.858970370875054,4.233174133300781,0.7591995426013566,15,1,5,300,all,"{'classifier__max_depth': 15, 'classifier__min_samples_leaf': 1, 'classifier__min_samples_split': 5, 'classifier__n_estimators': 300, 'feature_selector__k': 'all'}",0.9998944813759629,0.9998945814885095,1.0,1.0,0.9998945814885095,0.9999367288705964,5.166067376327001e-05,5
148.17842817306519,6.2300659605199105,5.220613241195679,0.1606113643980445,15,1,5,300,15,"{'classifier__max_depth': 15, 'classifier__min_samples_leaf': 1, 'classifier__min_samples_split': 5, 'classifier__n_estimators': 300, 'feature_selector__k': 15}",0.934093207583966,0.973745584786417,0.9750101063615717,0.9797556412919405,0.9714206711184714,0.9668050422284733,0.01658059335723145,100
149.36526856422424,8.83250702618095,5.80657730102539,1.068121542816038,15,1,5,300,20,"{'classifier__max_depth': 15, 'classifier__min_samples_leaf': 1, 'classifier__min_samples_split': 5, 'classifier__n_estimators': 300, 'feature_selector__k': 20}",0.983976186028333,0.9768023211694588,0.9769085405813214,0.9809153450308838,0.9820711443805126,0.9801347074381018,0.002850582104540471,70
148.57586526870728,5.257489101268522,5.160512924194336,0.6019719108510855,15,1,5,300,25,"{'classifier__max_depth': 15, 'classifier__min_samples_leaf': 1, 'classifier__min_samples_split': 5, 'classifier__n_estimators': 300, 'feature_selector__k': 25}",0.9995782258414911,0.9991561513453424,0.9998944813759629,0.993780207709507,0.9998945814885095,0.9984607295521626,0.002355897697875903,33
117.94272623062133,4.966528518005482,2.139388608932495,0.4767447232087677,15,2,2,100,all,"{'classifier__max_depth': 15, 'classifier__min_samples_leaf': 2, 'classifier__min_samples_split': 2, 'classifier__n_estimators': 100, 'feature_selector__k': 'all'}",0.9998944813759629,0.9997891629770188,1.0,1.0,0.9998945814885095,0.9999156451682982,7.889335166662065e-05,9
88.95213689804078,2.728067023471268,2.378219223022461,0.794478057162598,15,2,2,100,15,"{'classifier__max_depth': 15, 'classifier__min_samples_leaf': 2, 'classifier__min_samples_split': 2, 'classifier__n_estimators': 100, 'feature_selector__k': 15}",0.9441279886848795,0.9464351824320902,0.9506522232293544,0.9550833046510887,0.9509579669464411,0.9494513331887708,0.0038174951687152837,117
82.42956552505493,2.365006349683445,2.055825710296631,0.40737342756184364,15,2,2,100,20,"{'classifier__max_depth': 15, 'classifier__min_samples_leaf': 2, 'classifier__min_samples_split': 2, 'classifier__n_estimators': 100, 'feature_selector__k': 20}",0.9565670727031329,0.9599328565172967,0.963201030598599,0.9630963128749338,0.9680441752618294,0.9621682895911583,0.003816401584552978,107
85.53902292251587,5.63590264753438,2.310370922088623,0.6142891818821599,15,2,2,100,25,"{'classifier__max_depth': 15, 'classifier__min_samples_leaf': 2, 'classifier__min_samples_split': 2, 'classifier__n_estimators': 100, 'feature_selector__k': 25}",0.9962045331361516,0.9979962473813061,0.9891351857758492,0.9955719219546614,0.9993673888185097,0.9956550554132957,0.003523638351809107,50
148.7454960346222,3.98948560091615,2.9468242645263674,0.5102533276413571,15,2,2,200,all,"{'classifier__max_depth': 15, 'classifier__min_samples_leaf': 2, 'classifier__min_samples_split': 2, 'classifier__n_estimators': 200, 'feature_selector__k': 'all'}",0.9997889627519257,0.9998945814885095,1.0,1.0,0.9998945814885095,0.9999156251457888,7.895221984063226e-05,13
115.44298434257507,3.7402715280163426,4.3831799030303955,1.2204923030929424,15,2,2,200,15,"{'classifier__max_depth': 15, 'classifier__min_samples_leaf': 2, 'classifier__min_samples_split': 2, 'classifier__n_estimators': 200, 'feature_selector__k': 15}",0.9665822317449275,0.9725848799220083,0.9715305946945557,0.9769093414816938,0.9683616321468596,0.9711937359980091,0.003577811759825592,87
123.65084896087646,5.212728406497876,3.907309865951538,0.689669771392596,15,2,2,200,20,"{'classifier__max_depth': 15, 'classifier__min_samples_leaf': 2, 'classifier__min_samples_split': 2, 'classifier__n_estimators': 200, 'feature_selector__k': 20}",0.9718529570943656,0.972480062085797,0.9802802310357303,0.9802825336243005,0.979114220206356,0.9768020008093099,0.003813941288130094,75
115.01266746520996,6.590215242920924,3.816484308242798,0.8978999813517473,15,2,2,200,25,"{'classifier__max_depth': 15, 'classifier__min_samples_leaf': 2, 'classifier__min_samples_split': 2, 'classifier__n_estimators': 200, 'feature_selector__k': 25}",0.9939909446199418,0.99820758496702,0.9983121024655919,0.9995783259540375,0.9993671885934167,0.9978912293200016,0.0020255461816979458,35
176.4109236240387,3.6190345291058263,3.655768632888794,0.6554403762615407,15,2,2,300,all,"{'classifier__max_depth': 15, 'classifier__min_samples_leaf': 2, 'classifier__min_samples_split': 2, 'classifier__n_estimators': 300, 'feature_selector__k': 'all'}",0.9998944813759629,0.9998945814885095,1.0,1.0,0.9998945814885095,0.9999367288705964,5.166067376327001e-05,5
156.4195532798767,9.890631692911478,6.276180553436279,1.5204529395575466,15,2,2,300,15,"{'classifier__max_depth': 15, 'classifier__min_samples_leaf': 2, 'classifier__min_samples_split': 2, 'classifier__n_estimators': 300, 'feature_selector__k': 15}",0.9698487039129389,0.9761705108883407,0.9736400661623799,0.9742725772313234,0.9714206711184714,0.9730705058626908,0.0022127525011162823,81
150.1920503616333,5.98537911892944,6.535983228683472,2.101670851445274,15,2,2,300,20,"{'classifier__max_depth': 15, 'classifier__min_samples_leaf': 2, 'classifier__min_samples_split': 2, 'classifier__n_estimators': 300, 'feature_selector__k': 20}",0.974488419881631,0.984920247342062,0.9815455535112574,0.9809153450308838,0.9809106397411971,0.9805560411014064,0.003379239491245733,69
140.10773253440857,13.069142468645305,4.986257886886596,1.2936699201856983,15,2,2,300,25,"{'classifier__max_depth': 15, 'classifier__min_samples_leaf': 2, 'classifier__min_samples_split': 2, 'classifier__n_estimators': 300, 'feature_selector__k': 25}",0.9943072001544135,0.9985233399387591,0.9998944813759629,0.9981021664555294,0.9921941246349145,0.9966042625119158,0.0028802057612698226,44
102.99051041603089,2.8146488134165435,1.6870498657226562,0.06775452350049145,15,2,5,100,all,"{'classifier__max_depth': 15, 'classifier__min_samples_leaf': 2, 'classifier__min_samples_split': 5, 'classifier__n_estimators': 100, 'feature_selector__k': 'all'}",0.9998944813759629,0.9997891629770188,1.0,1.0,0.9998945814885095,0.9999156451682982,7.889335166662065e-05,9
79.69921240806579,5.8339810681721245,2.298528623580933,0.6844925376071875,15,2,5,100,15,"{'classifier__max_depth': 15, 'classifier__min_samples_leaf': 2, 'classifier__min_samples_split': 5, 'classifier__n_estimators': 100, 'feature_selector__k': 15}",0.9489757385252501,0.9464351824320902,0.902367942040442,0.9550833046510887,0.9509579669464411,0.9407640269190625,0.01940521411585588,123
80.47134742736816,7.739675857235828,2.156577157974243,0.6013115488676878,15,2,5,100,20,"{'classifier__max_depth': 15, 'classifier__min_samples_leaf': 2, 'classifier__min_samples_split': 5, 'classifier__n_estimators': 100, 'feature_selector__k': 20}",0.9733286160301411,0.9686816919580993,0.960775704046489,0.9739571225972239,0.9573890968226481,0.9668264462909203,0.006666959413156012,99
86.23902263641358,5.241212652833568,2.4009254455566404,0.5799404321710312,15,2,5,100,25,"{'classifier__max_depth': 15, 'classifier__min_samples_leaf': 2, 'classifier__min_samples_split': 5, 'classifier__n_estimators': 100, 'feature_selector__k': 25}",0.9977859109210575,0.9981016658927966,0.9954661029929847,0.9878765708409395,0.9950419261333592,0.9948544353562274,0.003694264160232812,54
149.0569592475891,5.0055052963831415,3.1253495693206785,0.7964781066281138,15,2,5,200,all,"{'classifier__max_depth': 15, 'classifier__min_samples_leaf': 2, 'classifier__min_samples_split': 5, 'classifier__n_estimators': 200, 'feature_selector__k': 'all'}",0.9997889627519257,0.9998945814885095,1.0,1.0,0.9998945814885095,0.9999156251457888,7.895221984063226e-05,13
117.1027687549591,5.081261938657685,4.462410354614258,1.2212545812308355,15,2,5,200,15,"{'classifier__max_depth': 15, 'classifier__min_samples_leaf': 2, 'classifier__min_samples_split': 5, 'classifier__n_estimators': 200, 'feature_selector__k': 15}",0.9725896853242415,0.9725848799220083,0.9703712914057984,0.9729018362443058,0.9748992817725688,0.9726693949337845,0.0014367463597331044,84
121.6983741760254,2.8676776462796223,3.6063963413238525,0.4268386184712226,15,2,5,200,20,"{'classifier__max_depth': 15, 'classifier__min_samples_leaf': 2, 'classifier__min_samples_split': 5, 'classifier__n_estimators': 200, 'feature_selector__k': 20}",0.9706933534679687,0.9729018362443058,0.9752214439472855,0.9802825336243005,0.9721561979977891,0.97425107305633,0.00335220662860226,78
114.58673014640809,8.27043774209484,3.8372007846832275,0.8515775532965352,15,2,5,200,25,"{'classifier__max_depth': 15, 'classifier__min_samples_leaf': 2, 'classifier__min_samples_split': 5, 'classifier__n_estimators': 200, 'feature_selector__k': 25}",0.9992617700819262,0.9929328551157212,0.9979966478314921,0.9989457147725472,0.9967313253559651,0.9971736626315304,0.002295986794636913,40
186.15002841949462,7.546407880394768,4.258885765075684,0.7082719322074601,15,2,5,300,all,"{'classifier__max_depth': 15, 'classifier__min_samples_leaf': 2, 'classifier__min_samples_split': 5, 'classifier__n_estimators': 300, 'feature_selector__k': 'all'}",0.9998944813759629,0.9998945814885095,1.0,1.0,0.9998945814885095,0.9999367288705964,5.166067376327001e-05,5
151.95524954795837,13.811473283853411,5.964233779907227,0.7915925429718185,15,2,5,300,15,"{'classifier__max_depth': 15, 'classifier__min_samples_leaf': 2, 'classifier__min_samples_split': 5, 'classifier__n_estimators': 300, 'feature_selector__k': 15}",0.9545624190715203,0.9761705108883407,0.9750101063615717,0.9792285487344873,0.9789069872350498,0.972775714458194,0.009246327431837625,82
151.37974452972412,7.524004561063186,6.2872288703918455,1.681971019785516,15,2,5,300,20,"{'classifier__max_depth': 15, 'classifier__min_samples_leaf': 2, 'classifier__min_samples_split': 5, 'classifier__n_estimators': 300, 'feature_selector__k': 20}",0.9803920567501986,0.9776465702743025,0.9815455535112574,0.9784902187038669,0.974581724774992,0.9785312248029234,0.0024054820183774164,73
146.71260137557982,6.431526479345535,4.251083326339722,0.1520069749247632,15,2,5,300,25,"{'classifier__max_depth': 15, 'classifier__min_samples_leaf': 2, 'classifier__min_samples_split': 5, 'classifier__n_estimators': 300, 'feature_selector__k': 25}",0.998207785192113,0.997891129207455,0.9978896275192572,0.993780207709507,0.9972582176883252,0.9970053934633315,0.0016418213531888904,43
118.25713353157043,4.198789848737982,1.8682573795318604,0.10021449908266652,20,1,2,100,all,"{'classifier__max_depth': 20, 'classifier__min_samples_leaf': 1, 'classifier__min_samples_split': 2, 'classifier__n_estimators': 100, 'feature_selector__k': 'all'}",0.999683544240435,0.9997891629770188,0.9998945814885095,0.9998945814885095,0.999683544240435,0.9997890828869818,9.437873499137932e-05,29
96.04830737113953,4.722762872323919,3.8542991161346434,1.2468273944462034,20,1,2,100,15,"{'classifier__max_depth': 20, 'classifier__min_samples_leaf': 1, 'classifier__min_samples_split': 2, 'classifier__n_estimators': 100, 'feature_selector__k': 15}",0.9486589824280457,0.9597222197194086,0.9529737330707181,0.9543456754082941,0.9500084995552,0.9531418220363334,0.0038650410407490873,113
98.71936221122742,7.160412362907078,2.59936900138855,0.06020718805030577,20,1,2,100,20,"{'classifier__max_depth': 20, 'classifier__min_samples_leaf': 1, 'classifier__min_samples_split': 2, 'classifier__n_estimators': 100, 'feature_selector__k': 20}",0.9736444711144269,0.9526570770860601,0.9700513317071052,0.95729829474295,0.9665686164386003,0.9640439582178285,0.00787143342567871,105
95.02537379264831,2.474869917375999,3.28958477973938,1.4124116236133315,20,1,2,100,25,"{'classifier__max_depth': 20, 'classifier__min_samples_leaf': 1, 'classifier__min_samples_split': 2, 'classifier__n_estimators': 100, 'feature_selector__k': 25}",0.9984185221025478,0.9960978131615561,0.9943056984662157,0.9948340924867737,0.9936709849212486,0.9954654222276684,0.0016783479290995145,52
317.3584618091583,31.401147417604058,12.940540218353272,0.3540037719602474,20,1,2,200,all,"{'classifier__max_depth': 20, 'classifier__min_samples_leaf': 1, 'classifier__min_samples_split': 2, 'classifier__n_estimators': 200, 'feature_selector__k': 'all'}",0.999683544240435,0.9997891629770188,1.0,1.0,0.9998945814885095,0.9998734577411927,0.00012299987338690533,25
380.31844010353086,48.768673658805035,22.124248647689818,9.490492203236427,20,1,2,200,15,"{'classifier__max_depth': 20, 'classifier__min_samples_leaf': 1, 'classifier__min_samples_split': 2, 'classifier__n_estimators': 200, 'feature_selector__k': 15}",0.9656317632282211,0.9760643915890245,0.966785660439466,0.975011507937223,0.9651970745512105,0.9697380795490289,0.004775575561292292,92
429.6056161403656,4.643672846076161,3.7578827857971193,1.071644211329397,20,1,2,200,20,"{'classifier__max_depth': 20, 'classifier__min_samples_leaf': 1, 'classifier__min_samples_split': 2, 'classifier__n_estimators': 200, 'feature_selector__k': 20}",0.9668981869417599,0.9762740272614473,0.9807016047440532,0.9685793769355509,0.9776411641967901,0.9740188720159203,0.005350848627935795,80
353.0178349018097,32.94275697452743,2.180803394317627,0.18716951076034763,20,1,2,200,25,"{'classifier__max_depth': 20, 'classifier__min_samples_leaf': 1, 'classifier__min_samples_split': 2, 'classifier__n_estimators': 200, 'feature_selector__k': 25}",0.9962048334737913,0.9981016658927966,0.9955683179029866,0.9900888578940444,0.9992618701944725,0.9958451090716183,0.003165651524527807,48
299.84880180358886,46.94121869849306,3.7410874366760254,0.23058076607100453,20,1,2,300,all,"{'classifier__max_depth': 20, 'classifier__min_samples_leaf': 1, 'classifier__min_samples_split': 2, 'classifier__n_estimators': 300, 'feature_selector__k': 'all'}",0.999683544240435,0.9998945814885095,1.0,1.0,0.9998945814885095,0.9998945414434909,0.00011555330993664251,17
237.00897488594055,5.835613304348561,6.277652788162231,0.20445722746092865,20,1,2,300,15,"{'classifier__max_depth': 20, 'classifier__min_samples_leaf': 1, 'classifier__min_samples_split': 2, 'classifier__n_estimators': 300, 'feature_selector__k': 15}",0.9659497206759838,0.9711092209862328,0.9701600539326312,0.9714256767457976,0.9663573789654328,0.9690004102612157,0.0023649987321673976,93
181.5805375099182,46.94167283278344,6.922358751296997,1.9645559447975602,20,1,2,300,20,"{'classifier__max_depth': 20, 'classifier__min_samples_leaf': 1, 'classifier__min_samples_split': 2, 'classifier__n_estimators': 300, 'feature_selector__k': 20}",0.9700608423990249,0.9819679283450456,0.9814400348872202,0.9824971232659756,0.9792231426569749,0.9790378143108484,0.004624790194149633,71
163.5944760799408,11.979326442259625,4.565305709838867,1.6394661445270355,20,1,2,300,25,"{'classifier__max_depth': 20, 'classifier__min_samples_leaf': 1, 'classifier__min_samples_split': 2, 'classifier__n_estimators': 300, 'feature_selector__k': 25}",0.9990511332840379,0.9929328551157212,0.9916712368044155,0.99768069263466,0.9923040482109988,0.9947279932099666,0.0030281929876061703,55
119.10464315414428,2.2390094201951625,2.2224911212921143,0.17299084500833334,20,1,5,100,all,"{'classifier__max_depth': 20, 'classifier__min_samples_leaf': 1, 'classifier__min_samples_split': 5, 'classifier__n_estimators': 100, 'feature_selector__k': 'all'}",0.999683544240435,0.9997891629770188,0.9998945814885095,0.9998945814885095,0.999683544240435,0.9997890828869818,9.437873499137932e-05,29
111.22561016082764,10.17611490944151,3.3417069911956787,0.4774459850858541,20,1,5,100,15,"{'classifier__max_depth': 20, 'classifier__min_samples_leaf': 1, 'classifier__min_samples_split': 5, 'classifier__n_estimators': 100, 'feature_selector__k': 15}",0.9465509125358729,0.9007860636928035,0.9614078146652467,0.9543456754082941,0.9369343015417932,0.9400049535688021,0.021232703887007147,124
117.66087784767151,5.196123219449962,3.217495584487915,0.6164781288642948,20,1,5,100,20,"{'classifier__max_depth': 20, 'classifier__min_samples_leaf': 1, 'classifier__min_samples_split': 5, 'classifier__n_estimators': 100, 'feature_selector__k': 20}",0.9504524986990375,0.9723723409857361,0.9700513317071052,0.95729829474295,0.9542243390019058,0.9608797610273468,0.008741240708047687,110
110.10701479911805,4.307535535774748,2.2791964530944826,0.06232870414436748,20,1,5,100,25,"{'classifier__max_depth': 20, 'classifier__min_samples_leaf': 1, 'classifier__min_samples_split': 5, 'classifier__n_estimators': 100, 'feature_selector__k': 25}",0.9896682850860938,0.9971527991768345,0.9877695505287044,0.9964154702716795,0.9937787060213091,0.9929569622169243,0.003686901841192088,57
154.6959722518921,7.503389716098201,2.892756795883179,0.10614706130396723,20,1,5,200,all,"{'classifier__max_depth': 20, 'classifier__min_samples_leaf': 1, 'classifier__min_samples_split': 5, 'classifier__n_estimators': 200, 'feature_selector__k': 'all'}",0.999683544240435,0.9997891629770188,1.0,1.0,0.9998945814885095,0.9998734577411927,0.00012299987338690533,25
139.86620030403137,9.221387734047294,6.976334190368652,1.8479423616577904,20,1,5,200,15,"{'classifier__max_depth': 20, 'classifier__min_samples_leaf': 1, 'classifier__min_samples_split': 5, 'classifier__n_estimators': 200, 'feature_selector__k': 15}",0.9614167246818874,0.9686838944341228,0.966785660439466,0.9687902139585322,0.9651970745512105,0.9661747136130439,0.0027241264023192724,101
137.37450623512268,12.36057980622291,4.408423233032226,0.12812109983426082,20,1,5,200,20,"{'classifier__max_depth': 20, 'classifier__min_samples_leaf': 1, 'classifier__min_samples_split': 5, 'classifier__n_estimators': 200, 'feature_selector__k': 20}",0.9767021085103873,0.9686847954470417,0.9774329301000184,0.9702664735695868,0.96466587737935,0.9715504370012769,0.0048662319959834515,86
122.34591164588929,8.550954957416945,4.71296796798706,1.2572158126449873,20,1,5,200,25,"{'classifier__max_depth': 20, 'classifier__min_samples_leaf': 1, 'classifier__min_samples_split': 5, 'classifier__n_estimators': 200, 'feature_selector__k': 25}",0.9962048334737913,0.9921946251976471,0.991982686936654,0.9989456146600008,0.999578025616398,0.9957811571768982,0.003221834586628975,49
184.7673638820648,6.0614224535212315,4.022397899627686,0.6100295185071405,20,1,5,300,all,"{'classifier__max_depth': 20, 'classifier__min_samples_leaf': 1, 'classifier__min_samples_split': 5, 'classifier__n_estimators': 300, 'feature_selector__k': 'all'}",0.999683544240435,0.9998945814885095,1.0,1.0,0.9998945814885095,0.9998945414434909,0.00011555330993664251,17
166.28564505577089,6.495641268482951,8.228834772109986,2.575096261184638,20,1,5,300,15,"{'classifier__max_depth': 20, 'classifier__min_samples_leaf': 1, 'classifier__min_samples_split': 5, 'classifier__n_estimators': 300, 'feature_selector__k': 15}",0.973328816255234,0.9354752612887408,0.9701600539326312,0.9774362338140539,0.9663573789654328,0.9645515488512185,0.014988011073779197,104
162.83082900047302,7.622358731508589,5.8338117599487305,0.42310432819674326,20,1,5,300,20,"{'classifier__max_depth': 20, 'classifier__min_samples_leaf': 1, 'classifier__min_samples_split': 5, 'classifier__n_estimators': 300, 'feature_selector__k': 20}",0.9787052604538022,0.9782774795425015,0.9790147083351103,0.9731130737174731,0.985443535622747,0.9789108115343268,0.003917764745672917,72
145.4044771194458,8.637838190203329,4.801876354217529,0.3139056430930522,20,1,5,300,25,"{'classifier__max_depth': 20, 'classifier__min_samples_leaf': 1, 'classifier__min_samples_split': 5, 'classifier__n_estimators': 300, 'feature_selector__k': 25}",0.9876657338179583,0.9989456146600008,0.997364036650002,0.9988402962610566,0.9997890628644721,0.9965209488506979,0.004495877583234671,45
119.521391248703,7.161590584542191,2.350892686843872,0.49212358842704734,20,2,2,100,all,"{'classifier__max_depth': 20, 'classifier__min_samples_leaf': 2, 'classifier__min_samples_split': 2, 'classifier__n_estimators': 100, 'feature_selector__k': 'all'}",0.999683544240435,0.9997891629770188,0.9998945814885095,0.9998945814885095,0.999683544240435,0.9997890828869818,9.437873499137932e-05,29
107.50718665122986,11.43539241893278,3.8749954223632814,1.2195818285884565,20,2,2,100,15,"{'classifier__max_depth': 20, 'classifier__min_samples_leaf': 2, 'classifier__min_samples_split': 2, 'classifier__n_estimators': 100, 'feature_selector__k': 15}",0.9486589824280457,0.8804401908625676,0.9529737330707181,0.9526578779864323,0.9500084995552,0.9369478567805928,0.028300108262244498,127
97.87029819488525,6.08427665165248,2.8957637310028077,0.5851286584433323,20,2,2,100,20,"{'classifier__max_depth': 20, 'classifier__min_samples_leaf': 2, 'classifier__min_samples_split': 2, 'classifier__n_estimators': 100, 'feature_selector__k': 20}",0.9539313095782279,0.9723723409857361,0.9743746920287788,0.9566653832238201,0.9514812552271263,0.9617649962087377,0.009640002274791414,109
96.94577775001525,6.44584852558986,3.0145362854003905,0.7615831518936416,20,2,2,100,25,"{'classifier__max_depth': 20, 'classifier__min_samples_leaf': 2, 'classifier__min_samples_split': 2, 'classifier__n_estimators': 100, 'feature_selector__k': 25}",0.996837144317642,0.9862932909176495,0.9827096622022479,0.9884029626105667,0.9979961472687595,0.9904478414633731,0.005985337910797269,60
155.88736834526063,6.464059371515935,3.2793554782867433,0.540417801095722,20,2,2,200,all,"{'classifier__max_depth': 20, 'classifier__min_samples_leaf': 2, 'classifier__min_samples_split': 2, 'classifier__n_estimators': 200, 'feature_selector__k': 'all'}",0.999683544240435,0.9997891629770188,1.0,1.0,0.9998945814885095,0.9998734577411927,0.00012299987338690533,25
141.28310632705688,13.450430536295011,5.682804536819458,1.316963308688758,20,2,2,200,15,"{'classifier__max_depth': 20, 'classifier__min_samples_leaf': 2, 'classifier__min_samples_split': 2, 'classifier__n_estimators': 200, 'feature_selector__k': 15}",0.962785563530521,0.9481208774904748,0.9754310796197085,0.975011507937223,0.9625594092879215,0.9647816875731697,0.010045540306265647,103
136.8275758743286,4.107170250192787,4.892525911331177,1.0278387356728589,20,2,2,200,20,"{'classifier__max_depth': 20, 'classifier__min_samples_leaf': 2, 'classifier__min_samples_split': 2, 'classifier__n_estimators': 200, 'feature_selector__k': 20}",0.9767021085103873,0.9762740272614473,0.9658375946238762,0.9702664735695868,0.9742670710412646,0.9726694550013125,0.0041050273687735965,83
131.27299189567566,9.740612358483384,4.879543209075928,1.3075999520517148,20,2,2,200,25,"{'classifier__max_depth': 20, 'classifier__min_samples_leaf': 2, 'classifier__min_samples_split': 2, 'classifier__n_estimators': 200, 'feature_selector__k': 25}",0.9946231553512459,0.9903002955923049,0.9997890628644721,0.9916712368044155,0.9872367515560992,0.9927241004337075,0.004257098851650576,58
188.63823232650756,4.213376372827954,3.734553575515747,0.06202601021155192,20,2,2,300,all,"{'classifier__max_depth': 20, 'classifier__min_samples_leaf': 2, 'classifier__min_samples_split': 2, 'classifier__n_estimators': 300, 'feature_selector__k': 'all'}",0.999683544240435,0.9998945814885095,1.0,1.0,0.9998945814885095,0.9998945414434909,0.00011555330993664251,17
173.10564856529237,18.038307460119448,8.19704303741455,2.18585468748177,20,2,2,300,15,"{'classifier__max_depth': 20, 'classifier__min_samples_leaf': 2, 'classifier__min_samples_split': 2, 'classifier__n_estimators': 300, 'feature_selector__k': 15}",0.931459947272724,0.9781728619313833,0.9668924805266079,0.9675239904700865,0.9663573789654328,0.9620813318332468,0.01592269322172686,108
171.8693826198578,7.984981154391278,6.078053951263428,0.17914453601145708,20,2,2,300,20,"{'classifier__max_depth': 20, 'classifier__min_samples_leaf': 2, 'classifier__min_samples_split': 2, 'classifier__n_estimators': 300, 'feature_selector__k': 20}",0.9700608423990249,0.9785990410419393,0.9790147083351103,0.9794391855323755,0.9678303348624523,0.9749888224341804,0.004991514778709333,77
149.43284325599672,9.836077208456805,5.731743621826172,1.2611799201673464,20,2,2,300,25,"{'classifier__max_depth': 20, 'classifier__min_samples_leaf': 2, 'classifier__min_samples_split': 2, 'classifier__n_estimators': 300, 'feature_selector__k': 25}",0.995993796225717,0.9984181216523615,0.9998945814885095,0.9946228550136065,0.9983119022404989,0.9974482513241387,0.001885172489556398,37
116.67336735725402,2.6573356067484384,2.091102933883667,0.3753000809022397,20,2,5,100,all,"{'classifier__max_depth': 20, 'classifier__min_samples_leaf': 2, 'classifier__min_samples_split': 5, 'classifier__n_estimators': 100, 'feature_selector__k': 'all'}",0.999683544240435,0.9997891629770188,0.9998945814885095,0.9998945814885095,0.999683544240435,0.9997890828869818,9.437873499137932e-05,29
99.34086399078369,7.047462431107497,3.27544903755188,0.9635104360519968,20,2,5,100,15,"{'classifier__max_depth': 20, 'classifier__min_samples_leaf': 2, 'classifier__min_samples_split': 5, 'classifier__n_estimators': 100, 'feature_selector__k': 15}",0.9574106210201508,0.9371567516201714,0.9069022394976431,0.9543456754082941,0.9500084995552,0.9411647574202918,0.01847084569235548,122
99.89310593605042,5.373378442526589,2.7298763751983643,0.07314572664811968,20,2,5,100,20,"{'classifier__max_depth': 20, 'classifier__min_samples_leaf': 2, 'classifier__min_samples_split': 5, 'classifier__n_estimators': 100, 'feature_selector__k': 20}",0.9539313095782279,0.9555035771213998,0.9668973860413878,0.95729829474295,0.9542243390019058,0.9575709812971741,0.004812017629018616,111
95.32509813308715,4.454901305391115,2.2519814491271974,0.05626191968765681,20,2,5,100,25,"{'classifier__max_depth': 20, 'classifier__min_samples_leaf': 2, 'classifier__min_samples_split': 5, 'classifier__n_estimators': 100, 'feature_selector__k': 25}",0.9843976598492026,0.9947278730749107,0.9877695505287044,0.9948340924867737,0.9979961472687595,0.9919450646416703,0.0050419112018102764,59
159.50587368011475,10.179924896340168,3.232798862457275,0.35935505860603967,20,2,5,200,all,"{'classifier__max_depth': 20, 'classifier__min_samples_leaf': 2, 'classifier__min_samples_split': 5, 'classifier__n_estimators': 200, 'feature_selector__k': 'all'}",0.999683544240435,0.9997891629770188,1.0,1.0,0.9998945814885095,0.9998734577411927,0.00012299987338690533,25
143.15875749588014,4.7100315460083735,5.549641466140747,0.7824966532795815,20,2,5,200,15,"{'classifier__max_depth': 20, 'classifier__min_samples_leaf': 2, 'classifier__min_samples_split': 5, 'classifier__n_estimators': 200, 'feature_selector__k': 15}",0.9096561354274476,0.9649935457441257,0.966785660439466,0.9685782756975393,0.9651970745512105,0.9550421383719578,0.022729627471728055,112
136.03618316650392,5.63093478177452,4.893982601165772,1.372561960269265,20,2,5,200,20,"{'classifier__max_depth': 20, 'classifier__min_samples_leaf': 2, 'classifier__min_samples_split': 5, 'classifier__n_estimators': 200, 'feature_selector__k': 20}",0.9668981869417599,0.9673138542349309,0.9807016047440532,0.9702664735695868,0.96466587737935,0.9699691993739361,0.005654734234603766,90
127.45121712684632,5.755108426154465,4.296231460571289,0.9386736876165283,20,2,5,200,25,"{'classifier__max_depth': 20, 'classifier__min_samples_leaf': 2, 'classifier__min_samples_split': 5, 'classifier__n_estimators': 200, 'feature_selector__k': 25}",0.9987348777495662,0.9903002955923049,0.9997890628644721,0.9985239406140383,0.9982064837290081,0.997110932109878,0.003446481682437112,41
225.10397005081177,25.369248495799333,12.553110265731812,0.7495082068018007,20,2,5,300,all,"{'classifier__max_depth': 20, 'classifier__min_samples_leaf': 2, 'classifier__min_samples_split': 5, 'classifier__n_estimators': 300, 'feature_selector__k': 'all'}",0.999683544240435,0.9998945814885095,1.0,1.0,0.9998945814885095,0.9998945414434909,0.00011555330993664251,17
233.6963538169861,11.47017893205867,26.870111417770385,1.393712499450568,20,2,5,300,15,"{'classifier__max_depth': 20, 'classifier__min_samples_leaf': 2, 'classifier__min_samples_split': 5, 'classifier__n_estimators': 300, 'feature_selector__k': 15}",0.965948218987786,0.970264971881389,0.9701600539326312,0.9620377228079806,0.9740558335680972,0.9684933602355768,0.004123362313601989,94
280.80188636779786,4.964037062646632,7.604526853561401,5.998991589912949,20,2,5,300,20,"{'classifier__max_depth': 20, 'classifier__min_samples_leaf': 2, 'classifier__min_samples_split': 5, 'classifier__n_estimators': 300, 'feature_selector__k': 20}",0.9787052604538022,0.9697390806744942,0.9720575871394623,0.9731130737174731,0.9678303348624523,0.9722890673695369,0.003695479156146241,85
194.876305770874,40.53952122947036,2.2323315143585205,0.32114433110211754,20,2,5,300,25,"{'classifier__max_depth': 20, 'classifier__min_samples_leaf': 2, 'classifier__min_samples_split': 5, 'classifier__n_estimators': 300, 'feature_selector__k': 25}",0.9990511332840379,0.9914602996688878,0.9975749737855296,0.9988402962610566,0.9923040482109988,0.9958461502421022,0.003286573582792171,47
